"Mês","Município","Item transferência","Transferência","1º Decêndio","2º Decêndio","3º Decêndio","Valor total"
2023-01-01,"Amparo do São Francisco","FPM","FPM",438154.78,169437.86,384823.13,992415.77
2023-01-01,"Aquidabã","FPM","FPM",876309.55,338875.73,769646.26,1984831.54
2023-01-01,"Aracaju","FPM","FPM",16992916.52,6477123.09,14557734.41,38027774.02
2023-01-01,"Arauá","FPM","FPM",584206.37,225917.16,513097.52,1323221.05
2023-01-01,"Areia Branca","FPM","FPM",876309.55,338875.73,769646.26,1984831.54
2023-01-01,"Barra dos Coqueiros","FPM","FPM",1314464.33,508313.58,1026195.02,2848972.93
2023-01-01,"Boquim","FPM","FPM",1022361.14,395355.01,897920.65,2315636.8
2023-01-01,"Brejo Grande","FPM","FPM",438154.78,169437.86,384823.13,992415.77
2023-01-01,"Campo do Brito","FPM","FPM",876309.55,338875.73,769646.26,1984831.54
2023-01-01,"Canhoba","FPM","FPM",438154.78,169437.86,384823.13,992415.77
2023-01-01,"Canindé de São Francisco","FPM","FPM",1022361.14,395355.01,1026195.02,2443911.17
2023-01-01,"Capela","FPM","FPM",1168412.74,451834.3,1026195.02,2646442.06
2023-01-01,"Carira","FPM","FPM",876309.55,338875.73,769646.26,1984831.54
2023-01-01,"Carmópolis","FPM","FPM",730257.97,282396.44,769646.26,1782300.67
2023-01-01,"Cedro de São João","FPM","FPM",438154.78,169437.86,384823.13,992415.77
2023-01-01,"Cristinápolis","FPM","FPM",876309.55,338875.73,769646.26,1984831.54
2023-01-01,"Cumbe","FPM","FPM",438154.78,169437.86,384823.13,992415.77
2023-01-01,"Divina Pastora","FPM","FPM",438154.78,169437.86,384823.13,992415.77
2023-01-01,"Estância","FPM","FPM",1752619.1,677751.44,1539292.53,3969663.07
2023-01-01,"Feira Nova","FPM","FPM",438154.78,169437.86,384823.13,992415.77
2023-01-01,"Frei Paulo","FPM","FPM",730257.97,282396.44,641371.89,1654026.3
2023-01-01,"Gararu","FPM","FPM",584206.37,225917.16,513097.52,1323221.05
2023-01-01,"General Maynard","FPM","FPM",438154.78,169437.86,384823.13,992415.77
2023-01-01,"Graccho Cardoso","FPM","FPM",438154.78,169437.86,384823.13,992415.77
2023-01-01,"Ilha das Flores","FPM","FPM",438154.78,169437.86,384823.13,992415.77
2023-01-01,"Indiaroba","FPM","FPM",730257.97,282396.44,769646.26,1782300.67
2023-01-01,"Itabaiana","FPM","FPM",2336825.45,903668.58,1924115.65,5164609.68
2023-01-01,"Itabaianinha","FPM","FPM",1314464.33,508313.58,1154469.39,2977247.3
2023-01-01,"Itabi","FPM","FPM",438154.78,169437.86,384823.13,992415.77
2023-01-01,"Itaporanga D'Ajuda","FPM","FPM",1168412.74,451834.3,1026195.02,2646442.06
2023-01-01,"Japaratuba","FPM","FPM",730257.97,282396.44,769646.26,1782300.67
2023-01-01,"Japoatã","FPM","FPM",584206.37,225917.16,513097.52,1323221.05
2023-01-01,"Lagarto","FPM","FPM",2190773.87,847189.3,2052390.04,5090353.21
2023-01-01,"Laranjeiras","FPM","FPM",1022361.14,395355.01,897920.65,2315636.8
2023-01-01,"Macambira","FPM","FPM",438154.78,169437.86,384823.13,992415.77
2023-01-01,"Malhada dos Bois","FPM","FPM",438154.78,169437.86,384823.13,992415.77
2023-01-01,"Malhador","FPM","FPM",584206.37,225917.16,513097.52,1323221.05
2023-01-01,"Maruim","FPM","FPM",730257.97,282396.44,769646.26,1782300.67
2023-01-01,"Moita Bonita","FPM","FPM",584206.37,225917.16,513097.52,1323221.05
2023-01-01,"Monte Alegre de Sergipe","FPM","FPM",730257.97,282396.44,641371.89,1654026.3
2023-01-01,"Muribeca","FPM","FPM",438154.78,169437.86,384823.13,992415.77
2023-01-01,"Neópolis","FPM","FPM",730257.97,282396.44,769646.26,1782300.67
2023-01-01,"Nossa Senhora Aparecida","FPM","FPM",438154.78,169437.86,384823.13,992415.77
2023-01-01,"Nossa Senhora da Glória","FPM","FPM",1314464.33,508313.58,1154469.39,2977247.3
2023-01-01,"Nossa Senhora das Dores","FPM","FPM",1022361.14,395355.01,897920.65,2315636.8
2023-01-01,"Nossa Senhora de Lourdes","FPM","FPM",438154.78,169437.86,384823.13,992415.77
2023-01-01,"Nossa Senhora do Socorro","FPM","FPM",4618952.06,1786184.69,4125870.15,10531006.9
2023-01-01,"Pacatuba","FPM","FPM",584206.37,225917.16,641371.89,1451495.42
2023-01-01,"Pedra Mole","FPM","FPM",438154.78,169437.86,384823.13,992415.77
2023-01-01,"Pedrinhas","FPM","FPM",438154.78,169437.86,384823.13,992415.77
2023-01-01,"Pinhão","FPM","FPM",438154.78,169437.86,384823.13,992415.77
2023-01-01,"Pirambu","FPM","FPM",438154.78,169437.86,384823.13,992415.77
2023-01-01,"Porto da Folha","FPM","FPM",1022361.14,395355.01,897920.65,2315636.8
2023-01-01,"Poço Redondo","FPM","FPM",1168412.74,451834.3,1026195.02,2646442.06
2023-01-01,"Poço Verde","FPM","FPM",876309.55,338875.73,897920.65,2113105.93
2023-01-01,"Propriá","FPM","FPM",1022361.14,395355.01,897920.65,2315636.8
2023-01-01,"Riachuelo","FPM","FPM",438154.78,169437.86,513097.52,1120690.16
2023-01-01,"Riachão do Dantas","FPM","FPM",876309.55,338875.73,769646.26,1984831.54
2023-01-01,"Ribeirópolis","FPM","FPM",876309.55,338875.73,769646.26,1984831.54
2023-01-01,"Rosário do Catete","FPM","FPM",438154.78,169437.86,513097.52,1120690.16
2023-01-01,"Salgado","FPM","FPM",876309.55,338875.73,769646.26,1984831.54
2023-01-01,"Santa Luzia do Itanhy","FPM","FPM",584206.37,225917.16,641371.89,1451495.42
2023-01-01,"Santa Rosa de Lima","FPM","FPM",438154.78,169437.86,384823.13,992415.77
2023-01-01,"Santana do São Francisco","FPM","FPM",438154.78,169437.86,384823.13,992415.77
2023-01-01,"Santo Amaro das Brotas","FPM","FPM",584206.37,225917.16,513097.52,1323221.05
2023-01-01,"Simão Dias","FPM","FPM",1314464.33,508313.58,1154469.39,2977247.3
2023-01-01,"Siriri","FPM","FPM",438154.78,169437.86,384823.13,992415.77
2023-01-01,"São Cristóvão","FPM","FPM",2190773.87,847189.3,1924115.65,4962078.82
2023-01-01,"São Domingos","FPM","FPM",584206.37,225917.16,513097.52,1323221.05
2023-01-01,"São Francisco","FPM","FPM",438154.78,169437.86,384823.13,992415.77
2023-01-01,"São Miguel do Aleixo","FPM","FPM",438154.78,169437.86,384823.13,992415.77
2023-01-01,"Telha","FPM","FPM",438154.78,169437.86,384823.13,992415.77
2023-01-01,"Tobias Barreto","FPM","FPM",1460515.91,564792.87,1411018.14,3436326.92
2023-01-01,"Tomar do Geru","FPM","FPM",584206.37,225917.16,513097.52,1323221.05
2023-01-01,"Umbaúba","FPM","FPM",1022361.07,395355.05,897920.62,2315636.74
2023-02-01,"Amparo do São Francisco","FPM","FPM",984412.96,94764.82,234981.1,1314158.88
2023-02-01,"Aquidabã","FPM","FPM",1968825.91,189529.64,469962.2,2628317.75
2023-02-01,"Aracaju","FPM","FPM",37240023.32,3584922.28,8889258.8,49714204.4
2023-02-01,"Arauá","FPM","FPM",1312550.61,126353.09,313308.14,1752211.84
2023-02-01,"Areia Branca","FPM","FPM",1968825.91,189529.64,469962.2,2628317.75
2023-02-01,"Barra dos Coqueiros","FPM","FPM",2625101.22,252706.18,626616.26,3504423.66
2023-02-01,"Boquim","FPM","FPM",2296963.56,221117.9,548289.24,3066370.7
2023-02-01,"Brejo Grande","FPM","FPM",984412.96,94764.82,234981.1,1314158.88
2023-02-01,"Campo do Brito","FPM","FPM",1968825.91,189529.64,469962.2,2628317.75
2023-02-01,"Canhoba","FPM","FPM",984412.96,94764.82,234981.1,1314158.88
2023-02-01,"Canindé de São Francisco","FPM","FPM",2625101.22,252706.18,626616.26,3504423.66
2023-02-01,"Capela","FPM","FPM",2625101.22,252706.18,626616.26,3504423.66
2023-02-01,"Carira","FPM","FPM",1968825.91,189529.64,469962.2,2628317.75
2023-02-01,"Carmópolis","FPM","FPM",1968825.91,189529.64,469962.2,2628317.75
2023-02-01,"Cedro de São João","FPM","FPM",984412.96,94764.82,234981.1,1314158.88
2023-02-01,"Cristinápolis","FPM","FPM",1968825.91,189529.64,469962.2,2628317.75
2023-02-01,"Cumbe","FPM","FPM",984412.96,94764.82,234981.1,1314158.88
2023-02-01,"Divina Pastora","FPM","FPM",984412.96,94764.82,234981.1,1314158.88
2023-02-01,"Estância","FPM","FPM",3937651.81,379059.27,939924.39,5256635.47
2023-02-01,"Feira Nova","FPM","FPM",984412.96,94764.82,234981.1,1314158.88
2023-02-01,"Frei Paulo","FPM","FPM",1640688.27,157941.36,391635.17,2190264.8
2023-02-01,"Gararu","FPM","FPM",1312550.61,126353.09,313308.14,1752211.84
2023-02-01,"General Maynard","FPM","FPM",984412.96,94764.82,234981.1,1314158.88
2023-02-01,"Graccho Cardoso","FPM","FPM",984412.96,94764.82,234981.1,1314158.88
2023-02-01,"Ilha das Flores","FPM","FPM",984412.96,94764.82,234981.1,1314158.88
2023-02-01,"Indiaroba","FPM","FPM",1968825.91,189529.64,469962.2,2628317.75
2023-02-01,"Itabaiana","FPM","FPM",4922064.77,473824.08,1174905.48,6570794.33
2023-02-01,"Itabaianinha","FPM","FPM",2953238.87,284294.45,704943.29,3942476.61
2023-02-01,"Itabi","FPM","FPM",984412.96,94764.82,234981.1,1314158.88
2023-02-01,"Itaporanga D'Ajuda","FPM","FPM",2625101.22,252706.18,626616.26,3504423.66
2023-02-01,"Japaratuba","FPM","FPM",1968825.91,189529.64,469962.2,2628317.75
2023-02-01,"Japoatã","FPM","FPM",1312550.61,126353.09,313308.14,1752211.84
2023-02-01,"Lagarto","FPM","FPM",5250202.43,505412.36,1253232.52,7008847.31
2023-02-01,"Laranjeiras","FPM","FPM",2296963.56,221117.9,548289.24,3066370.7
2023-02-01,"Macambira","FPM","FPM",984412.96,94764.82,234981.1,1314158.88
2023-02-01,"Malhada dos Bois","FPM","FPM",984412.96,94764.82,234981.1,1314158.88
2023-02-01,"Malhador","FPM","FPM",1312550.61,126353.09,313308.14,1752211.84
2023-02-01,"Maruim","FPM","FPM",1968825.91,189529.64,469962.2,2628317.75
2023-02-01,"Moita Bonita","FPM","FPM",1312550.61,126353.09,313308.14,1752211.84
2023-02-01,"Monte Alegre de Sergipe","FPM","FPM",1640688.27,157941.36,391635.17,2190264.8
2023-02-01,"Muribeca","FPM","FPM",984412.96,94764.82,234981.1,1314158.88
2023-02-01,"Neópolis","FPM","FPM",1968825.91,189529.64,469962.2,2628317.75
2023-02-01,"Nossa Senhora Aparecida","FPM","FPM",984412.96,94764.82,234981.1,1314158.88
2023-02-01,"Nossa Senhora da Glória","FPM","FPM",2953238.87,284294.45,704943.29,3942476.61
2023-02-01,"Nossa Senhora das Dores","FPM","FPM",2296963.56,221117.9,548289.24,3066370.7
2023-02-01,"Nossa Senhora de Lourdes","FPM","FPM",984412.96,94764.82,234981.1,1314158.88
2023-02-01,"Nossa Senhora do Socorro","FPM","FPM",10554355.22,1016018.26,2519343.09,14089716.57
2023-02-01,"Pacatuba","FPM","FPM",1640688.27,157941.36,391635.17,2190264.8
2023-02-01,"Pedra Mole","FPM","FPM",984412.96,94764.82,234981.1,1314158.88
2023-02-01,"Pedrinhas","FPM","FPM",984412.96,94764.82,234981.1,1314158.88
2023-02-01,"Pinhão","FPM","FPM",984412.96,94764.82,234981.1,1314158.88
2023-02-01,"Pirambu","FPM","FPM",984412.96,94764.82,234981.1,1314158.88
2023-02-01,"Porto da Folha","FPM","FPM",2296963.56,221117.9,548289.24,3066370.7
2023-02-01,"Poço Redondo","FPM","FPM",2625101.22,252706.18,626616.26,3504423.66
2023-02-01,"Poço Verde","FPM","FPM",2296963.56,221117.9,548289.24,3066370.7
2023-02-01,"Propriá","FPM","FPM",2296963.56,221117.9,548289.24,3066370.7
2023-02-01,"Riachuelo","FPM","FPM",1312550.61,126353.09,313308.14,1752211.84
2023-02-01,"Riachão do Dantas","FPM","FPM",1968825.91,189529.64,469962.2,2628317.75
2023-02-01,"Ribeirópolis","FPM","FPM",1968825.91,189529.64,469962.2,2628317.75
2023-02-01,"Rosário do Catete","FPM","FPM",1312550.61,126353.09,313308.14,1752211.84
2023-02-01,"Salgado","FPM","FPM",1968825.91,189529.64,469962.2,2628317.75
2023-02-01,"Santa Luzia do Itanhy","FPM","FPM",1640688.27,157941.36,391635.17,2190264.8
2023-02-01,"Santa Rosa de Lima","FPM","FPM",984412.96,94764.82,234981.1,1314158.88
2023-02-01,"Santana do São Francisco","FPM","FPM",984412.96,94764.82,234981.1,1314158.88
2023-02-01,"Santo Amaro das Brotas","FPM","FPM",1312550.61,126353.09,313308.14,1752211.84
2023-02-01,"Simão Dias","FPM","FPM",2953238.87,284294.45,704943.29,3942476.61
2023-02-01,"Siriri","FPM","FPM",984412.96,94764.82,234981.1,1314158.88
2023-02-01,"São Cristóvão","FPM","FPM",4922064.77,473824.08,1174905.48,6570794.33
2023-02-01,"São Domingos","FPM","FPM",1312550.61,126353.09,313308.14,1752211.84
2023-02-01,"São Francisco","FPM","FPM",984412.96,94764.82,234981.1,1314158.88
2023-02-01,"São Miguel do Aleixo","FPM","FPM",984412.96,94764.82,234981.1,1314158.88
2023-02-01,"Telha","FPM","FPM",984412.96,94764.82,234981.1,1314158.88
2023-02-01,"Tobias Barreto","FPM","FPM",3609514.17,347470.99,861597.36,4818582.52
2023-02-01,"Tomar do Geru","FPM","FPM",1312550.61,126353.09,313308.14,1752211.84
2023-02-01,"Umbaúba","FPM","FPM",2296963.58,221118.11,548289.21,3066370.9
2023-03-01,"Amparo do São Francisco","FPM","FPM",412125.01,90847.63,0,502972.64
2023-03-01,"Aquidabã","FPM","FPM",824250.03,181695.23,0,1005945.26
2023-03-01,"Aracaju","FPM","FPM",15590555.65,3436735.81,0,19027291.46
2023-03-01,"Arauá","FPM","FPM",549500.01,121130.16,0,670630.17
2023-03-01,"Areia Branca","FPM","FPM",824250.03,181695.23,0,1005945.26
2023-03-01,"Barra dos Coqueiros","FPM","FPM",1099000.03,242260.31,0,1341260.34
2023-03-01,"Boquim","FPM","FPM",961625.02,211977.78,0,1173602.8
2023-03-01,"Brejo Grande","FPM","FPM",412125.01,90847.63,0,502972.64
2023-03-01,"Campo do Brito","FPM","FPM",824250.03,181695.23,0,1005945.26
2023-03-01,"Canhoba","FPM","FPM",412125.01,90847.63,0,502972.64
2023-03-01,"Canindé de São Francisco","FPM","FPM",1099000.03,242260.31,0,1341260.34
2023-03-01,"Capela","FPM","FPM",1099000.03,242260.31,0,1341260.34
2023-03-01,"Carira","FPM","FPM",824250.03,181695.23,0,1005945.26
2023-03-01,"Carmópolis","FPM","FPM",824250.03,181695.23,0,1005945.26
2023-03-01,"Cedro de São João","FPM","FPM",412125.01,90847.63,0,502972.64
2023-03-01,"Cristinápolis","FPM","FPM",824250.03,181695.23,0,1005945.26
2023-03-01,"Cumbe","FPM","FPM",412125.01,90847.63,0,502972.64
2023-03-01,"Divina Pastora","FPM","FPM",412125.01,90847.63,0,502972.64
2023-03-01,"Estância","FPM","FPM",1648500.04,363390.46,0,2011890.5
2023-03-01,"Feira Nova","FPM","FPM",412125.01,90847.63,0,502972.64
2023-03-01,"Frei Paulo","FPM","FPM",686875.03,151412.7,0,838287.73
2023-03-01,"Gararu","FPM","FPM",549500.01,121130.16,0,670630.17
2023-03-01,"General Maynard","FPM","FPM",412125.01,90847.63,0,502972.64
2023-03-01,"Graccho Cardoso","FPM","FPM",412125.01,90847.63,0,502972.64
2023-03-01,"Ilha das Flores","FPM","FPM",412125.01,90847.63,0,502972.64
2023-03-01,"Indiaroba","FPM","FPM",824250.03,181695.23,0,1005945.26
2023-03-01,"Itabaiana","FPM","FPM",2060625.05,454238.08,0,2514863.13
2023-03-01,"Itabaianinha","FPM","FPM",1236375.04,272542.85,0,1508917.89
2023-03-01,"Itabi","FPM","FPM",412125.01,90847.63,0,502972.64
2023-03-01,"Itaporanga D'Ajuda","FPM","FPM",1099000.03,242260.31,0,1341260.34
2023-03-01,"Japaratuba","FPM","FPM",824250.03,181695.23,0,1005945.26
2023-03-01,"Japoatã","FPM","FPM",549500.01,121130.16,0,670630.17
2023-03-01,"Lagarto","FPM","FPM",2198000.04,484520.61,0,2682520.65
2023-03-01,"Laranjeiras","FPM","FPM",961625.02,211977.78,0,1173602.8
2023-03-01,"Macambira","FPM","FPM",412125.01,90847.63,0,502972.64
2023-03-01,"Malhada dos Bois","FPM","FPM",412125.01,90847.63,0,502972.64
2023-03-01,"Malhador","FPM","FPM",549500.01,121130.16,0,670630.17
2023-03-01,"Maruim","FPM","FPM",824250.03,181695.23,0,1005945.26
2023-03-01,"Moita Bonita","FPM","FPM",549500.01,121130.16,0,670630.17
2023-03-01,"Monte Alegre de Sergipe","FPM","FPM",686875.03,151412.7,0,838287.73
2023-03-01,"Muribeca","FPM","FPM",412125.01,90847.63,0,502972.64
2023-03-01,"Neópolis","FPM","FPM",824250.03,181695.23,0,1005945.26
2023-03-01,"Nossa Senhora Aparecida","FPM","FPM",412125.01,90847.63,0,502972.64
2023-03-01,"Nossa Senhora da Glória","FPM","FPM",1236375.04,272542.85,0,1508917.89
2023-03-01,"Nossa Senhora das Dores","FPM","FPM",961625.02,211977.78,0,1173602.8
2023-03-01,"Nossa Senhora de Lourdes","FPM","FPM",412125.01,90847.63,0,502972.64
2023-03-01,"Nossa Senhora do Socorro","FPM","FPM",4406647.07,971388.21,0,5378035.28
2023-03-01,"Pacatuba","FPM","FPM",686875.03,151412.7,0,838287.73
2023-03-01,"Pedra Mole","FPM","FPM",412125.01,90847.63,0,502972.64
2023-03-01,"Pedrinhas","FPM","FPM",412125.01,90847.63,0,502972.64
2023-03-01,"Pinhão","FPM","FPM",412125.01,90847.63,0,502972.64
2023-03-01,"Pirambu","FPM","FPM",412125.01,90847.63,0,502972.64
2023-03-01,"Porto da Folha","FPM","FPM",961625.02,211977.78,0,1173602.8
2023-03-01,"Poço Redondo","FPM","FPM",1099000.03,242260.31,0,1341260.34
2023-03-01,"Poço Verde","FPM","FPM",961625.02,211977.78,0,1173602.8
2023-03-01,"Propriá","FPM","FPM",961625.02,211977.78,0,1173602.8
2023-03-01,"Riachuelo","FPM","FPM",549500.01,121130.16,0,670630.17
2023-03-01,"Riachão do Dantas","FPM","FPM",824250.03,181695.23,0,1005945.26
2023-03-01,"Ribeirópolis","FPM","FPM",824250.03,181695.23,0,1005945.26
2023-03-01,"Rosário do Catete","FPM","FPM",549500.01,121130.16,0,670630.17
2023-03-01,"Salgado","FPM","FPM",824250.03,181695.23,0,1005945.26
2023-03-01,"Santa Luzia do Itanhy","FPM","FPM",686875.03,151412.7,0,838287.73
2023-03-01,"Santa Rosa de Lima","FPM","FPM",412125.01,90847.63,0,502972.64
2023-03-01,"Santana do São Francisco","FPM","FPM",412125.01,90847.63,0,502972.64
2023-03-01,"Santo Amaro das Brotas","FPM","FPM",549500.01,121130.16,0,670630.17
2023-03-01,"Simão Dias","FPM","FPM",1236375.04,272542.85,0,1508917.89
2023-03-01,"Siriri","FPM","FPM",412125.01,90847.63,0,502972.64
2023-03-01,"São Cristóvão","FPM","FPM",2060625.05,454238.08,0,2514863.13
2023-03-01,"São Domingos","FPM","FPM",549500.01,121130.16,0,670630.17
2023-03-01,"São Francisco","FPM","FPM",412125.01,90847.63,0,502972.64
2023-03-01,"São Miguel do Aleixo","FPM","FPM",412125.01,90847.63,0,502972.64
2023-03-01,"Telha","FPM","FPM",412125.01,90847.63,0,502972.64
2023-03-01,"Tobias Barreto","FPM","FPM",1511125.03,333107.92,0,1844232.95
2023-03-01,"Tomar do Geru","FPM","FPM",549500.01,121130.16,0,670630.17
2023-03-01,"Umbaúba","FPM","FPM",961625.06,211977.68,0,1173602.74
2023-03-01,"Amparo do São Francisco","FPM","FPM",412125.01,90847.63,300958.66,803931.3
2023-03-01,"Aquidabã","FPM","FPM",824250.03,181695.23,601917.29,1607862.55
2023-03-01,"Aracaju","FPM","FPM",15590555.65,3436735.81,11385167.99,30412459.45
2023-03-01,"Arauá","FPM","FPM",549500.01,121130.16,401278.19,1071908.36
2023-03-01,"Areia Branca","FPM","FPM",824250.03,181695.23,601917.29,1607862.55
2023-03-01,"Barra dos Coqueiros","FPM","FPM",1099000.03,242260.31,802556.39,2143816.73
2023-03-01,"Boquim","FPM","FPM",961625.02,211977.78,702236.84,1875839.64
2023-03-01,"Brejo Grande","FPM","FPM",412125.01,90847.63,300958.66,803931.3
2023-03-01,"Campo do Brito","FPM","FPM",824250.03,181695.23,601917.29,1607862.55
2023-03-01,"Canhoba","FPM","FPM",412125.01,90847.63,300958.66,803931.3
2023-03-01,"Canindé de São Francisco","FPM","FPM",1099000.03,242260.31,802556.39,2143816.73
2023-03-01,"Capela","FPM","FPM",1099000.03,242260.31,802556.39,2143816.73
2023-03-01,"Carira","FPM","FPM",824250.03,181695.23,601917.29,1607862.55
2023-03-01,"Carmópolis","FPM","FPM",824250.03,181695.23,601917.29,1607862.55
2023-03-01,"Cedro de São João","FPM","FPM",412125.01,90847.63,300958.66,803931.3
2023-03-01,"Cristinápolis","FPM","FPM",824250.03,181695.23,601917.29,1607862.55
2023-03-01,"Cumbe","FPM","FPM",412125.01,90847.63,300958.66,803931.3
2023-03-01,"Divina Pastora","FPM","FPM",412125.01,90847.63,300958.66,803931.3
2023-03-01,"Estância","FPM","FPM",1648500.04,363390.46,1203834.57,3215725.07
2023-03-01,"Feira Nova","FPM","FPM",412125.01,90847.63,300958.66,803931.3
2023-03-01,"Frei Paulo","FPM","FPM",686875.03,151412.7,501597.75,1339885.48
2023-03-01,"Gararu","FPM","FPM",549500.01,121130.16,401278.19,1071908.36
2023-03-01,"General Maynard","FPM","FPM",412125.01,90847.63,300958.66,803931.3
2023-03-01,"Graccho Cardoso","FPM","FPM",412125.01,90847.63,300958.66,803931.3
2023-03-01,"Ilha das Flores","FPM","FPM",412125.01,90847.63,300958.66,803931.3
2023-03-01,"Indiaroba","FPM","FPM",824250.03,181695.23,601917.29,1607862.55
2023-03-01,"Itabaiana","FPM","FPM",2060625.05,454238.08,1504793.22,4019656.35
2023-03-01,"Itabaianinha","FPM","FPM",1236375.04,272542.85,902875.93,2411793.82
2023-03-01,"Itabi","FPM","FPM",412125.01,90847.63,300958.66,803931.3
2023-03-01,"Itaporanga D'Ajuda","FPM","FPM",1099000.03,242260.31,802556.39,2143816.73
2023-03-01,"Japaratuba","FPM","FPM",824250.03,181695.23,601917.29,1607862.55
2023-03-01,"Japoatã","FPM","FPM",549500.01,121130.16,401278.19,1071908.36
2023-03-01,"Lagarto","FPM","FPM",2198000.04,484520.61,1605112.77,4287633.42
2023-03-01,"Laranjeiras","FPM","FPM",961625.02,211977.78,702236.84,1875839.64
2023-03-01,"Macambira","FPM","FPM",412125.01,90847.63,300958.66,803931.3
2023-03-01,"Malhada dos Bois","FPM","FPM",412125.01,90847.63,300958.66,803931.3
2023-03-01,"Malhador","FPM","FPM",549500.01,121130.16,401278.19,1071908.36
2023-03-01,"Maruim","FPM","FPM",824250.03,181695.23,601917.29,1607862.55
2023-03-01,"Moita Bonita","FPM","FPM",549500.01,121130.16,401278.19,1071908.36
2023-03-01,"Monte Alegre de Sergipe","FPM","FPM",686875.03,151412.7,501597.75,1339885.48
2023-03-01,"Muribeca","FPM","FPM",412125.01,90847.63,300958.66,803931.3
2023-03-01,"Neópolis","FPM","FPM",824250.03,181695.23,601917.29,1607862.55
2023-03-01,"Nossa Senhora Aparecida","FPM","FPM",412125.01,90847.63,300958.66,803931.3
2023-03-01,"Nossa Senhora da Glória","FPM","FPM",1236375.04,272542.85,902875.93,2411793.82
2023-03-01,"Nossa Senhora das Dores","FPM","FPM",961625.02,211977.78,702236.84,1875839.64
2023-03-01,"Nossa Senhora de Lourdes","FPM","FPM",412125.01,90847.63,300958.66,803931.3
2023-03-01,"Nossa Senhora do Socorro","FPM","FPM",4406647.07,971388.21,3218000.59,8596035.87
2023-03-01,"Pacatuba","FPM","FPM",686875.03,151412.7,501597.75,1339885.48
2023-03-01,"Pedra Mole","FPM","FPM",412125.01,90847.63,300958.66,803931.3
2023-03-01,"Pedrinhas","FPM","FPM",412125.01,90847.63,300958.66,803931.3
2023-03-01,"Pinhão","FPM","FPM",412125.01,90847.63,300958.66,803931.3
2023-03-01,"Pirambu","FPM","FPM",412125.01,90847.63,300958.66,803931.3
2023-03-01,"Porto da Folha","FPM","FPM",961625.02,211977.78,702236.84,1875839.64
2023-03-01,"Poço Redondo","FPM","FPM",1099000.03,242260.31,802556.39,2143816.73
2023-03-01,"Poço Verde","FPM","FPM",961625.02,211977.78,702236.84,1875839.64
2023-03-01,"Propriá","FPM","FPM",961625.02,211977.78,702236.84,1875839.64
2023-03-01,"Riachuelo","FPM","FPM",549500.01,121130.16,401278.19,1071908.36
2023-03-01,"Riachão do Dantas","FPM","FPM",824250.03,181695.23,601917.29,1607862.55
2023-03-01,"Ribeirópolis","FPM","FPM",824250.03,181695.23,601917.29,1607862.55
2023-03-01,"Rosário do Catete","FPM","FPM",549500.01,121130.16,401278.19,1071908.36
2023-03-01,"Salgado","FPM","FPM",824250.03,181695.23,601917.29,1607862.55
2023-03-01,"Santa Luzia do Itanhy","FPM","FPM",686875.03,151412.7,501597.75,1339885.48
2023-03-01,"Santa Rosa de Lima","FPM","FPM",412125.01,90847.63,300958.66,803931.3
2023-03-01,"Santana do São Francisco","FPM","FPM",412125.01,90847.63,300958.66,803931.3
2023-03-01,"Santo Amaro das Brotas","FPM","FPM",549500.01,121130.16,401278.19,1071908.36
2023-03-01,"Simão Dias","FPM","FPM",1236375.04,272542.85,902875.93,2411793.82
2023-03-01,"Siriri","FPM","FPM",412125.01,90847.63,300958.66,803931.3
2023-03-01,"São Cristóvão","FPM","FPM",2060625.05,454238.08,1504793.22,4019656.35
2023-03-01,"São Domingos","FPM","FPM",549500.01,121130.16,401278.19,1071908.36
2023-03-01,"São Francisco","FPM","FPM",412125.01,90847.63,300958.66,803931.3
2023-03-01,"São Miguel do Aleixo","FPM","FPM",412125.01,90847.63,300958.66,803931.3
2023-03-01,"Telha","FPM","FPM",412125.01,90847.63,300958.66,803931.3
2023-03-01,"Tobias Barreto","FPM","FPM",1511125.03,333107.92,1103515.02,2947747.97
2023-03-01,"Tomar do Geru","FPM","FPM",549500.01,121130.16,401278.19,1071908.36
2023-03-01,"Umbaúba","FPM","FPM",961625.06,211977.68,702236.74,1875839.48
2023-04-01,"Amparo do São Francisco","FPM","FPM",444528.47,114128.71,360487.18,919144.36
2023-04-01,"Aquidabã","FPM","FPM",889056.91,228257.42,720974.32,1838288.65
2023-04-01,"Aracaju","FPM","FPM",16816367.48,4317451.89,13637112.61,34770931.98
2023-04-01,"Arauá","FPM","FPM",592704.62,152171.6,480649.55,1225525.77
2023-04-01,"Areia Branca","FPM","FPM",889056.91,228257.42,720974.32,1838288.65
2023-04-01,"Barra dos Coqueiros","FPM","FPM",1185409.22,304343.21,961299.1,2451051.53
2023-04-01,"Boquim","FPM","FPM",1037233.07,266300.31,841136.72,2144670.1
2023-04-01,"Brejo Grande","FPM","FPM",444528.47,114128.71,360487.18,919144.36
2023-04-01,"Campo do Brito","FPM","FPM",889056.91,228257.42,720974.32,1838288.65
2023-04-01,"Canhoba","FPM","FPM",444528.47,114128.71,360487.18,919144.36
2023-04-01,"Canindé de São Francisco","FPM","FPM",1185409.22,304343.21,961299.1,2451051.53
2023-04-01,"Capela","FPM","FPM",1185409.22,304343.21,961299.1,2451051.53
2023-04-01,"Carira","FPM","FPM",889056.91,228257.42,720974.32,1838288.65
2023-04-01,"Carmópolis","FPM","FPM",889056.91,228257.42,720974.32,1838288.65
2023-04-01,"Cedro de São João","FPM","FPM",444528.47,114128.71,360487.18,919144.36
2023-04-01,"Cristinápolis","FPM","FPM",889056.91,228257.42,720974.32,1838288.65
2023-04-01,"Cumbe","FPM","FPM",444528.47,114128.71,360487.18,919144.36
2023-04-01,"Divina Pastora","FPM","FPM",444528.47,114128.71,360487.18,919144.36
2023-04-01,"Estância","FPM","FPM",1778113.82,456514.81,1441948.65,3676577.28
2023-04-01,"Feira Nova","FPM","FPM",444528.47,114128.71,360487.18,919144.36
2023-04-01,"Frei Paulo","FPM","FPM",740880.76,190214.52,600811.95,1531907.23
2023-04-01,"Gararu","FPM","FPM",592704.62,152171.6,480649.55,1225525.77
2023-04-01,"General Maynard","FPM","FPM",444528.47,114128.71,360487.18,919144.36
2023-04-01,"Graccho Cardoso","FPM","FPM",444528.47,114128.71,360487.18,919144.36
2023-04-01,"Ilha das Flores","FPM","FPM",444528.47,114128.71,360487.18,919144.36
2023-04-01,"Indiaroba","FPM","FPM",889056.91,228257.42,720974.32,1838288.65
2023-04-01,"Itabaiana","FPM","FPM",2222642.27,570643.53,1802435.82,4595721.62
2023-04-01,"Itabaianinha","FPM","FPM",1333585.37,342386.12,1081461.5,2757432.99
2023-04-01,"Itabi","FPM","FPM",444528.47,114128.71,360487.18,919144.36
2023-04-01,"Itaporanga D'Ajuda","FPM","FPM",1185409.22,304343.21,961299.1,2451051.53
2023-04-01,"Japaratuba","FPM","FPM",889056.91,228257.42,720974.32,1838288.65
2023-04-01,"Japoatã","FPM","FPM",592704.62,152171.6,480649.55,1225525.77
2023-04-01,"Lagarto","FPM","FPM",2370818.43,608686.41,1922598.2,4902103.04
2023-04-01,"Laranjeiras","FPM","FPM",1037233.07,266300.31,841136.72,2144670.1
2023-04-01,"Macambira","FPM","FPM",444528.47,114128.71,360487.18,919144.36
2023-04-01,"Malhada dos Bois","FPM","FPM",444528.47,114128.71,360487.18,919144.36
2023-04-01,"Malhador","FPM","FPM",592704.62,152171.6,480649.55,1225525.77
2023-04-01,"Maruim","FPM","FPM",889056.91,228257.42,720974.32,1838288.65
2023-04-01,"Moita Bonita","FPM","FPM",592704.62,152171.6,480649.55,1225525.77
2023-04-01,"Monte Alegre de Sergipe","FPM","FPM",740880.76,190214.52,600811.95,1531907.23
2023-04-01,"Muribeca","FPM","FPM",444528.47,114128.71,360487.18,919144.36
2023-04-01,"Neópolis","FPM","FPM",889056.91,228257.42,720974.32,1838288.65
2023-04-01,"Nossa Senhora Aparecida","FPM","FPM",444528.47,114128.71,360487.18,919144.36
2023-04-01,"Nossa Senhora da Glória","FPM","FPM",1333585.37,342386.12,1081461.5,2757432.99
2023-04-01,"Nossa Senhora das Dores","FPM","FPM",1037233.07,266300.31,841136.72,2144670.1
2023-04-01,"Nossa Senhora de Lourdes","FPM","FPM",444528.47,114128.71,360487.18,919144.36
2023-04-01,"Nossa Senhora do Socorro","FPM","FPM",4753120.95,1220321.29,3854509.35,9827951.59
2023-04-01,"Pacatuba","FPM","FPM",740880.76,190214.52,600811.95,1531907.23
2023-04-01,"Pedra Mole","FPM","FPM",444528.47,114128.71,360487.18,919144.36
2023-04-01,"Pedrinhas","FPM","FPM",444528.47,114128.71,360487.18,919144.36
2023-04-01,"Pinhão","FPM","FPM",444528.47,114128.71,360487.18,919144.36
2023-04-01,"Pirambu","FPM","FPM",444528.47,114128.71,360487.18,919144.36
2023-04-01,"Porto da Folha","FPM","FPM",1037233.07,266300.31,841136.72,2144670.1
2023-04-01,"Poço Redondo","FPM","FPM",1185409.22,304343.21,961299.1,2451051.53
2023-04-01,"Poço Verde","FPM","FPM",1037233.07,266300.31,841136.72,2144670.1
2023-04-01,"Propriá","FPM","FPM",1037233.07,266300.31,841136.72,2144670.1
2023-04-01,"Riachuelo","FPM","FPM",592704.62,152171.6,480649.55,1225525.77
2023-04-01,"Riachão do Dantas","FPM","FPM",889056.91,228257.42,720974.32,1838288.65
2023-04-01,"Ribeirópolis","FPM","FPM",889056.91,228257.42,720974.32,1838288.65
2023-04-01,"Rosário do Catete","FPM","FPM",592704.62,152171.6,480649.55,1225525.77
2023-04-01,"Salgado","FPM","FPM",889056.91,228257.42,720974.32,1838288.65
2023-04-01,"Santa Luzia do Itanhy","FPM","FPM",740880.76,190214.52,600811.95,1531907.23
2023-04-01,"Santa Rosa de Lima","FPM","FPM",444528.47,114128.71,360487.18,919144.36
2023-04-01,"Santana do São Francisco","FPM","FPM",444528.47,114128.71,360487.18,919144.36
2023-04-01,"Santo Amaro das Brotas","FPM","FPM",592704.62,152171.6,480649.55,1225525.77
2023-04-01,"Simão Dias","FPM","FPM",1333585.37,342386.12,1081461.5,2757432.99
2023-04-01,"Siriri","FPM","FPM",444528.47,114128.71,360487.18,919144.36
2023-04-01,"São Cristóvão","FPM","FPM",2222642.27,570643.53,1802435.82,4595721.62
2023-04-01,"São Domingos","FPM","FPM",592704.62,152171.6,480649.55,1225525.77
2023-04-01,"São Francisco","FPM","FPM",444528.47,114128.71,360487.18,919144.36
2023-04-01,"São Miguel do Aleixo","FPM","FPM",444528.47,114128.71,360487.18,919144.36
2023-04-01,"Telha","FPM","FPM",444528.47,114128.71,360487.18,919144.36
2023-04-01,"Tobias Barreto","FPM","FPM",1629937.66,418471.92,1321786.27,3370195.85
2023-04-01,"Tomar do Geru","FPM","FPM",592704.62,152171.6,480649.55,1225525.77
2023-04-01,"Umbaúba","FPM","FPM",1037232.92,266300.29,841136.59,2144669.8
2023-05-01,"Amparo do São Francisco","FPM","FPM",601797.15,118897.6,301081.76,1021776.51
2023-05-01,"Aquidabã","FPM","FPM",1203594.26,237795.2,602163.5,2043552.96
2023-05-01,"Aracaju","FPM","FPM",22765790.63,4497857.63,11389824.86,38653473.12
2023-05-01,"Arauá","FPM","FPM",802396.19,158530.13,401442.32,1362368.64
2023-05-01,"Areia Branca","FPM","FPM",1203594.26,237795.2,602163.5,2043552.96
2023-05-01,"Barra dos Coqueiros","FPM","FPM",1604792.35,317060.27,802884.64,2724737.26
2023-05-01,"Boquim","FPM","FPM",1404193.31,277427.74,702524.08,2384145.13
2023-05-01,"Brejo Grande","FPM","FPM",601797.15,118897.6,301081.76,1021776.51
2023-05-01,"Campo do Brito","FPM","FPM",1203594.26,237795.2,602163.5,2043552.96
2023-05-01,"Canhoba","FPM","FPM",601797.15,118897.6,301081.76,1021776.51
2023-05-01,"Canindé de São Francisco","FPM","FPM",1604792.35,317060.27,802884.64,2724737.26
2023-05-01,"Capela","FPM","FPM",1604792.35,317060.27,802884.64,2724737.26
2023-05-01,"Carira","FPM","FPM",1203594.26,237795.2,602163.5,2043552.96
2023-05-01,"Carmópolis","FPM","FPM",1203594.26,237795.2,602163.5,2043552.96
2023-05-01,"Cedro de São João","FPM","FPM",601797.15,118897.6,301081.76,1021776.51
2023-05-01,"Cristinápolis","FPM","FPM",1203594.26,237795.2,602163.5,2043552.96
2023-05-01,"Cumbe","FPM","FPM",601797.15,118897.6,301081.76,1021776.51
2023-05-01,"Divina Pastora","FPM","FPM",601797.15,118897.6,301081.76,1021776.51
2023-05-01,"Estância","FPM","FPM",2407188.53,475590.4,1204326.98,4087105.91
2023-05-01,"Feira Nova","FPM","FPM",601797.15,118897.6,301081.76,1021776.51
2023-05-01,"Frei Paulo","FPM","FPM",1002995.23,198162.66,501802.92,1702960.81
2023-05-01,"Gararu","FPM","FPM",802396.19,158530.13,401442.32,1362368.64
2023-05-01,"General Maynard","FPM","FPM",601797.15,118897.6,301081.76,1021776.51
2023-05-01,"Graccho Cardoso","FPM","FPM",601797.15,118897.6,301081.76,1021776.51
2023-05-01,"Ilha das Flores","FPM","FPM",601797.15,118897.6,301081.76,1021776.51
2023-05-01,"Indiaroba","FPM","FPM",1203594.26,237795.2,602163.5,2043552.96
2023-05-01,"Itabaiana","FPM","FPM",3008985.66,594487.99,1505408.72,5108882.37
2023-05-01,"Itabaianinha","FPM","FPM",1805391.4,356692.8,903245.24,3065329.44
2023-05-01,"Itabi","FPM","FPM",601797.15,118897.6,301081.76,1021776.51
2023-05-01,"Itaporanga D'Ajuda","FPM","FPM",1604792.35,317060.27,802884.64,2724737.26
2023-05-01,"Japaratuba","FPM","FPM",1203594.26,237795.2,602163.5,2043552.96
2023-05-01,"Japoatã","FPM","FPM",802396.19,158530.13,401442.32,1362368.64
2023-05-01,"Lagarto","FPM","FPM",3209584.7,634120.52,1605769.3,5449474.52
2023-05-01,"Laranjeiras","FPM","FPM",1404193.31,277427.74,702524.08,2384145.13
2023-05-01,"Macambira","FPM","FPM",601797.15,118897.6,301081.76,1021776.51
2023-05-01,"Malhada dos Bois","FPM","FPM",601797.15,118897.6,301081.76,1021776.51
2023-05-01,"Malhador","FPM","FPM",802396.19,158530.13,401442.32,1362368.64
2023-05-01,"Maruim","FPM","FPM",1203594.26,237795.2,602163.5,2043552.96
2023-05-01,"Moita Bonita","FPM","FPM",802396.19,158530.13,401442.32,1362368.64
2023-05-01,"Monte Alegre de Sergipe","FPM","FPM",1002995.23,198162.66,501802.92,1702960.81
2023-05-01,"Muribeca","FPM","FPM",601797.15,118897.6,301081.76,1021776.51
2023-05-01,"Neópolis","FPM","FPM",1203594.26,237795.2,602163.5,2043552.96
2023-05-01,"Nossa Senhora Aparecida","FPM","FPM",601797.15,118897.6,301081.76,1021776.51
2023-05-01,"Nossa Senhora da Glória","FPM","FPM",1805391.4,356692.8,903245.24,3065329.44
2023-05-01,"Nossa Senhora das Dores","FPM","FPM",1404193.31,277427.74,702524.08,2384145.13
2023-05-01,"Nossa Senhora de Lourdes","FPM","FPM",601797.15,118897.6,301081.76,1021776.51
2023-05-01,"Nossa Senhora do Socorro","FPM","FPM",6434716.43,1271312.7,3210718.18,10916747.31
2023-05-01,"Pacatuba","FPM","FPM",1002995.23,198162.66,501802.92,1702960.81
2023-05-01,"Pedra Mole","FPM","FPM",601797.15,118897.6,301081.76,1021776.51
2023-05-01,"Pedrinhas","FPM","FPM",601797.15,118897.6,301081.76,1021776.51
2023-05-01,"Pinhão","FPM","FPM",601797.15,118897.6,301081.76,1021776.51
2023-05-01,"Pirambu","FPM","FPM",601797.15,118897.6,301081.76,1021776.51
2023-05-01,"Porto da Folha","FPM","FPM",1404193.31,277427.74,702524.08,2384145.13
2023-05-01,"Poço Redondo","FPM","FPM",1604792.35,317060.27,802884.64,2724737.26
2023-05-01,"Poço Verde","FPM","FPM",1404193.31,277427.74,702524.08,2384145.13
2023-05-01,"Propriá","FPM","FPM",1404193.31,277427.74,702524.08,2384145.13
2023-05-01,"Riachuelo","FPM","FPM",802396.19,158530.13,401442.32,1362368.64
2023-05-01,"Riachão do Dantas","FPM","FPM",1203594.26,237795.2,602163.5,2043552.96
2023-05-01,"Ribeirópolis","FPM","FPM",1203594.26,237795.2,602163.5,2043552.96
2023-05-01,"Rosário do Catete","FPM","FPM",802396.19,158530.13,401442.32,1362368.64
2023-05-01,"Salgado","FPM","FPM",1203594.26,237795.2,602163.5,2043552.96
2023-05-01,"Santa Luzia do Itanhy","FPM","FPM",1002995.23,198162.66,501802.92,1702960.81
2023-05-01,"Santa Rosa de Lima","FPM","FPM",601797.15,118897.6,301081.76,1021776.51
2023-05-01,"Santana do São Francisco","FPM","FPM",601797.15,118897.6,301081.76,1021776.51
2023-05-01,"Santo Amaro das Brotas","FPM","FPM",802396.19,158530.13,401442.32,1362368.64
2023-05-01,"Simão Dias","FPM","FPM",1805391.4,356692.8,903245.24,3065329.44
2023-05-01,"Siriri","FPM","FPM",601797.15,118897.6,301081.76,1021776.51
2023-05-01,"São Cristóvão","FPM","FPM",3008985.66,594487.99,1505408.72,5108882.37
2023-05-01,"São Domingos","FPM","FPM",802396.19,158530.13,401442.32,1362368.64
2023-05-01,"São Francisco","FPM","FPM",601797.15,118897.6,301081.76,1021776.51
2023-05-01,"São Miguel do Aleixo","FPM","FPM",601797.15,118897.6,301081.76,1021776.51
2023-05-01,"Telha","FPM","FPM",601797.15,118897.6,301081.76,1021776.51
2023-05-01,"Tobias Barreto","FPM","FPM",2206589.48,435957.86,1103966.4,3746513.74
2023-05-01,"Tomar do Geru","FPM","FPM",802396.19,158530.13,401442.32,1362368.64
2023-05-01,"Umbaúba","FPM","FPM",1404193.17,277427.95,702524.03,2384145.15
2023-06-01,"Amparo do São Francisco","FPM","FPM",419064.15,242065.24,293202.21,954331.6
2023-06-01,"Aquidabã","FPM","FPM",838128.28,484130.48,586404.4,1908663.16
2023-06-01,"Aracaju","FPM","FPM",15853060.54,9157249.37,11091744.19,36102054.1
2023-06-01,"Arauá","FPM","FPM",558752.2,322753.65,390936.27,1272442.12
2023-06-01,"Areia Branca","FPM","FPM",838128.28,484130.48,586404.4,1908663.16
2023-06-01,"Barra dos Coqueiros","FPM","FPM",1117504.37,645507.29,781872.54,2544884.2
2023-06-01,"Boquim","FPM","FPM",977816.32,564818.88,684138.46,2226773.66
2023-06-01,"Brejo Grande","FPM","FPM",419064.15,242065.24,293202.21,954331.6
2023-06-01,"Campo do Brito","FPM","FPM",838128.28,484130.48,586404.4,1908663.16
2023-06-01,"Canhoba","FPM","FPM",419064.15,242065.24,293202.21,954331.6
2023-06-01,"Canindé de São Francisco","FPM","FPM",1117504.37,645507.29,781872.54,2544884.2
2023-06-01,"Capela","FPM","FPM",1117504.37,645507.29,781872.54,2544884.2
2023-06-01,"Carira","FPM","FPM",838128.28,484130.48,586404.4,1908663.16
2023-06-01,"Carmópolis","FPM","FPM",838128.28,484130.48,586404.4,1908663.16
2023-06-01,"Cedro de São João","FPM","FPM",419064.15,242065.24,293202.21,954331.6
2023-06-01,"Cristinápolis","FPM","FPM",838128.28,484130.48,586404.4,1908663.16
2023-06-01,"Cumbe","FPM","FPM",419064.15,242065.24,293202.21,954331.6
2023-06-01,"Divina Pastora","FPM","FPM",419064.15,242065.24,293202.21,954331.6
2023-06-01,"Estância","FPM","FPM",1676256.54,968260.94,1172808.79,3817326.27
2023-06-01,"Feira Nova","FPM","FPM",419064.15,242065.24,293202.21,954331.6
2023-06-01,"Frei Paulo","FPM","FPM",698440.23,403442.07,488670.34,1590552.64
2023-06-01,"Gararu","FPM","FPM",558752.2,322753.65,390936.27,1272442.12
2023-06-01,"General Maynard","FPM","FPM",419064.15,242065.24,293202.21,954331.6
2023-06-01,"Graccho Cardoso","FPM","FPM",419064.15,242065.24,293202.21,954331.6
2023-06-01,"Ilha das Flores","FPM","FPM",419064.15,242065.24,293202.21,954331.6
2023-06-01,"Indiaroba","FPM","FPM",838128.28,484130.48,586404.4,1908663.16
2023-06-01,"Itabaiana","FPM","FPM",2095320.68,1210326.17,1466010.99,4771657.84
2023-06-01,"Itabaianinha","FPM","FPM",1257192.42,726195.71,879606.6,2862994.73
2023-06-01,"Itabi","FPM","FPM",419064.15,242065.24,293202.21,954331.6
2023-06-01,"Itaporanga D'Ajuda","FPM","FPM",1117504.37,645507.29,781872.54,2544884.2
2023-06-01,"Japaratuba","FPM","FPM",838128.28,484130.48,586404.4,1908663.16
2023-06-01,"Japoatã","FPM","FPM",558752.2,322753.65,390936.27,1272442.12
2023-06-01,"Lagarto","FPM","FPM",2235008.72,1291014.57,1563745.06,5089768.35
2023-06-01,"Laranjeiras","FPM","FPM",977816.32,564818.88,684138.46,2226773.66
2023-06-01,"Macambira","FPM","FPM",419064.15,242065.24,293202.21,954331.6
2023-06-01,"Malhada dos Bois","FPM","FPM",419064.15,242065.24,293202.21,954331.6
2023-06-01,"Malhador","FPM","FPM",558752.2,322753.65,390936.27,1272442.12
2023-06-01,"Maruim","FPM","FPM",838128.28,484130.48,586404.4,1908663.16
2023-06-01,"Moita Bonita","FPM","FPM",558752.2,322753.65,390936.27,1272442.12
2023-06-01,"Monte Alegre de Sergipe","FPM","FPM",698440.23,403442.07,488670.34,1590552.64
2023-06-01,"Muribeca","FPM","FPM",419064.15,242065.24,293202.21,954331.6
2023-06-01,"Neópolis","FPM","FPM",838128.28,484130.48,586404.4,1908663.16
2023-06-01,"Nossa Senhora Aparecida","FPM","FPM",419064.15,242065.24,293202.21,954331.6
2023-06-01,"Nossa Senhora da Glória","FPM","FPM",1257192.42,726195.71,879606.6,2862994.73
2023-06-01,"Nossa Senhora das Dores","FPM","FPM",977816.32,564818.88,684138.46,2226773.66
2023-06-01,"Nossa Senhora de Lourdes","FPM","FPM",419064.15,242065.24,293202.21,954331.6
2023-06-01,"Nossa Senhora do Socorro","FPM","FPM",4468875.55,2581369.54,3126691.15,10176936.24
2023-06-01,"Pacatuba","FPM","FPM",698440.23,403442.07,488670.34,1590552.64
2023-06-01,"Pedra Mole","FPM","FPM",419064.15,242065.24,293202.21,954331.6
2023-06-01,"Pedrinhas","FPM","FPM",419064.15,242065.24,293202.21,954331.6
2023-06-01,"Pinhão","FPM","FPM",419064.15,242065.24,293202.21,954331.6
2023-06-01,"Pirambu","FPM","FPM",419064.15,242065.24,293202.21,954331.6
2023-06-01,"Porto da Folha","FPM","FPM",977816.32,564818.88,684138.46,2226773.66
2023-06-01,"Poço Redondo","FPM","FPM",1117504.37,645507.29,781872.54,2544884.2
2023-06-01,"Poço Verde","FPM","FPM",977816.32,564818.88,684138.46,2226773.66
2023-06-01,"Propriá","FPM","FPM",977816.32,564818.88,684138.46,2226773.66
2023-06-01,"Riachuelo","FPM","FPM",558752.2,322753.65,390936.27,1272442.12
2023-06-01,"Riachão do Dantas","FPM","FPM",838128.28,484130.48,586404.4,1908663.16
2023-06-01,"Ribeirópolis","FPM","FPM",838128.28,484130.48,586404.4,1908663.16
2023-06-01,"Rosário do Catete","FPM","FPM",558752.2,322753.65,390936.27,1272442.12
2023-06-01,"Salgado","FPM","FPM",838128.28,484130.48,586404.4,1908663.16
2023-06-01,"Santa Luzia do Itanhy","FPM","FPM",698440.23,403442.07,488670.34,1590552.64
2023-06-01,"Santa Rosa de Lima","FPM","FPM",419064.15,242065.24,293202.21,954331.6
2023-06-01,"Santana do São Francisco","FPM","FPM",419064.15,242065.24,293202.21,954331.6
2023-06-01,"Santo Amaro das Brotas","FPM","FPM",558752.2,322753.65,390936.27,1272442.12
2023-06-01,"Simão Dias","FPM","FPM",1257192.42,726195.71,879606.6,2862994.73
2023-06-01,"Siriri","FPM","FPM",419064.15,242065.24,293202.21,954331.6
2023-06-01,"São Cristóvão","FPM","FPM",2095320.68,1210326.17,1466010.99,4771657.84
2023-06-01,"São Domingos","FPM","FPM",558752.2,322753.65,390936.27,1272442.12
2023-06-01,"São Francisco","FPM","FPM",419064.15,242065.24,293202.21,954331.6
2023-06-01,"São Miguel do Aleixo","FPM","FPM",419064.15,242065.24,293202.21,954331.6
2023-06-01,"Telha","FPM","FPM",419064.15,242065.24,293202.21,954331.6
2023-06-01,"Tobias Barreto","FPM","FPM",1536568.49,887572.52,1075074.73,3499215.74
2023-06-01,"Tomar do Geru","FPM","FPM",558752.2,322753.65,390936.27,1272442.12
2023-06-01,"Umbaúba","FPM","FPM",977816.16,564818.91,684138.44,2226773.51
2023-07-01,"Amparo do São Francisco","FPM","FPM",899564.44,108046,295471.64,1303082.08
2023-07-01,"Aquidabã","FPM","FPM",1799128.82,216091.99,590943.27,2606164.08
2023-07-01,"Aracaju","FPM","FPM",35018654.54,4261248.62,11653167.62,50933070.78
2023-07-01,"Arauá","FPM","FPM",1199419.2,144061.34,393962.18,1737442.72
2023-07-01,"Areia Branca","FPM","FPM",1799128.82,216091.99,590943.27,2606164.08
2023-07-01,"Barra dos Coqueiros","FPM","FPM",2501454.12,324137.99,886414.89,3712007
2023-07-01,"Boquim","FPM","FPM",2098983.64,252107.33,689433.81,3040524.78
2023-07-01,"Brejo Grande","FPM","FPM",899564.44,108046,295471.64,1303082.08
2023-07-01,"Campo do Brito","FPM","FPM",1799128.82,216091.99,590943.27,2606164.08
2023-07-01,"Canhoba","FPM","FPM",899564.44,108046,295471.64,1303082.08
2023-07-01,"Canindé de São Francisco","FPM","FPM",2601369.31,288122.65,787924.36,3677416.32
2023-07-01,"Capela","FPM","FPM",2398838.42,288122.65,787924.36,3474885.43
2023-07-01,"Carira","FPM","FPM",1799128.82,216091.99,590943.27,2606164.08
2023-07-01,"Carmópolis","FPM","FPM",2001659.69,216091.99,590943.27,2808694.95
2023-07-01,"Cedro de São João","FPM","FPM",899564.44,108046,295471.64,1303082.08
2023-07-01,"Cristinápolis","FPM","FPM",1799128.82,216091.99,590943.27,2606164.08
2023-07-01,"Cumbe","FPM","FPM",899564.44,108046,295471.64,1303082.08
2023-07-01,"Divina Pastora","FPM","FPM",899564.44,108046,295471.64,1303082.08
2023-07-01,"Estância","FPM","FPM",3598257.63,432183.99,1181886.52,5212328.14
2023-07-01,"Feira Nova","FPM","FPM",899564.44,108046,295471.64,1303082.08
2023-07-01,"Frei Paulo","FPM","FPM",1499274.02,180076.66,492452.72,2171803.4
2023-07-01,"Gararu","FPM","FPM",1199419.2,144061.34,393962.18,1737442.72
2023-07-01,"General Maynard","FPM","FPM",899564.44,108046,295471.64,1303082.08
2023-07-01,"Graccho Cardoso","FPM","FPM",899564.44,108046,295471.64,1303082.08
2023-07-01,"Ilha das Flores","FPM","FPM",899564.44,108046,295471.64,1303082.08
2023-07-01,"Indiaroba","FPM","FPM",2001659.69,216091.99,590943.27,2808694.95
2023-07-01,"Itabaiana","FPM","FPM",4600437.78,576245.3,1575848.7,6752531.78
2023-07-01,"Itabaianinha","FPM","FPM",2698693.23,324137.99,886414.89,3909246.11
2023-07-01,"Itabi","FPM","FPM",899564.44,108046,295471.64,1303082.08
2023-07-01,"Itaporanga D'Ajuda","FPM","FPM",2398838.42,288122.65,787924.36,3474885.43
2023-07-01,"Japaratuba","FPM","FPM",2001659.69,216091.99,590943.27,2808694.95
2023-07-01,"Japoatã","FPM","FPM",1199419.2,144061.34,393962.18,1737442.72
2023-07-01,"Lagarto","FPM","FPM",5000207.73,576245.3,1575848.7,7152301.73
2023-07-01,"Laranjeiras","FPM","FPM",2098983.64,252107.33,689433.81,3040524.78
2023-07-01,"Macambira","FPM","FPM",899564.44,108046,295471.64,1303082.08
2023-07-01,"Malhada dos Bois","FPM","FPM",899564.44,108046,295471.64,1303082.08
2023-07-01,"Malhador","FPM","FPM",1199419.2,144061.34,393962.18,1737442.72
2023-07-01,"Maruim","FPM","FPM",2001659.69,216091.99,590943.27,2808694.95
2023-07-01,"Moita Bonita","FPM","FPM",1199419.2,144061.34,393962.18,1737442.72
2023-07-01,"Monte Alegre de Sergipe","FPM","FPM",1499274.02,180076.66,492452.72,2171803.4
2023-07-01,"Muribeca","FPM","FPM",899564.44,108046,295471.64,1303082.08
2023-07-01,"Neópolis","FPM","FPM",2001659.69,216091.99,590943.27,2808694.95
2023-07-01,"Nossa Senhora Aparecida","FPM","FPM",899564.44,108046,295471.64,1303082.08
2023-07-01,"Nossa Senhora da Glória","FPM","FPM",2698693.23,324137.99,886414.89,3909246.11
2023-07-01,"Nossa Senhora das Dores","FPM","FPM",2098983.64,252107.33,689433.81,3040524.78
2023-07-01,"Nossa Senhora de Lourdes","FPM","FPM",899564.44,108046,295471.64,1303082.08
2023-07-01,"Nossa Senhora do Socorro","FPM","FPM",9570305.86,1137901.73,3111801.41,13820009
2023-07-01,"Pacatuba","FPM","FPM",1701804.9,180076.66,492452.72,2374334.28
2023-07-01,"Pedra Mole","FPM","FPM",899564.44,108046,295471.64,1303082.08
2023-07-01,"Pedrinhas","FPM","FPM",899564.44,108046,295471.64,1303082.08
2023-07-01,"Pinhão","FPM","FPM",899564.44,108046,295471.64,1303082.08
2023-07-01,"Pirambu","FPM","FPM",899564.44,108046,295471.64,1303082.08
2023-07-01,"Poço Redondo","FPM","FPM",2398838.42,288122.65,787924.36,3474885.43
2023-07-01,"Poço Verde","FPM","FPM",2301514.51,252107.33,689433.81,3243055.65
2023-07-01,"Porto da Folha","FPM","FPM",2098983.64,252107.33,689433.81,3040524.78
2023-07-01,"Propriá","FPM","FPM",2098983.64,252107.33,689433.81,3040524.78
2023-07-01,"Riachão do Dantas","FPM","FPM",1799128.82,216091.99,590943.27,2606164.08
2023-07-01,"Riachuelo","FPM","FPM",1401950.09,144061.34,393962.18,1939973.61
2023-07-01,"Ribeirópolis","FPM","FPM",1799128.82,216091.99,590943.27,2606164.08
2023-07-01,"Rosário do Catete","FPM","FPM",1401950.09,144061.34,393962.18,1939973.61
2023-07-01,"Salgado","FPM","FPM",1799128.82,216091.99,590943.27,2606164.08
2023-07-01,"Santa Luzia do Itanhy","FPM","FPM",1701804.9,180076.66,492452.72,2374334.28
2023-07-01,"Santa Rosa de Lima","FPM","FPM",899564.44,108046,295471.64,1303082.08
2023-07-01,"Santana do São Francisco","FPM","FPM",899564.44,108046,295471.64,1303082.08
2023-07-01,"Santo Amaro das Brotas","FPM","FPM",1199419.2,144061.34,393962.18,1737442.72
2023-07-01,"São Cristóvão","FPM","FPM",4497822.06,540229.97,1477358.14,6515410.17
2023-07-01,"São Domingos","FPM","FPM",1199419.2,144061.34,393962.18,1737442.72
2023-07-01,"São Francisco","FPM","FPM",899564.44,108046,295471.64,1303082.08
2023-07-01,"São Miguel do Aleixo","FPM","FPM",899564.44,108046,295471.64,1303082.08
2023-07-01,"Simão Dias","FPM","FPM",2698693.23,324137.99,886414.89,3909246.11
2023-07-01,"Siriri","FPM","FPM",899564.44,108046,295471.64,1303082.08
2023-07-01,"Telha","FPM","FPM",899564.44,108046,295471.64,1303082.08
2023-07-01,"Tobias Barreto","FPM","FPM",3500933.73,396168.65,1083395.98,4980498.36
2023-07-01,"Tomar do Geru","FPM","FPM",1199419.2,144061.34,393962.18,1737442.72
2023-07-01,"Umbaúba","FPM","FPM",2098983.66,252107.31,689434,3040524.97
2023-08-01,"Amparo do São Francisco","FPM","FPM",462999.19,105673.07,244584.94,813257.2
2023-08-01,"Aquidabã","FPM","FPM",925998.37,211346.13,489169.88,1626514.38
2023-08-01,"Aracaju","FPM","FPM",18260321.9,4085333.22,9455683.3,31801338.42
2023-08-01,"Arauá","FPM","FPM",617332.25,140897.42,326113.26,1084342.93
2023-08-01,"Areia Branca","FPM","FPM",925998.37,211346.13,489169.88,1626514.38
2023-08-01,"Barra dos Coqueiros","FPM","FPM",1388997.55,317019.18,733754.81,2439771.54
2023-08-01,"Boquim","FPM","FPM",1080331.42,246570.47,570698.2,1897600.09
2023-08-01,"Brejo Grande","FPM","FPM",462999.19,105673.07,244584.94,813257.2
2023-08-01,"Campo do Brito","FPM","FPM",925998.37,211346.13,489169.88,1626514.38
2023-08-01,"Canhoba","FPM","FPM",462999.19,105673.07,244584.94,813257.2
2023-08-01,"Canindé de São Francisco","FPM","FPM",1234664.49,281794.83,652226.5,2168685.82
2023-08-01,"Capela","FPM","FPM",1234664.49,281794.83,652226.5,2168685.82
2023-08-01,"Carira","FPM","FPM",925998.37,211346.13,489169.88,1626514.38
2023-08-01,"Carmópolis","FPM","FPM",925998.37,211346.13,489169.88,1626514.38
2023-08-01,"Cedro de São João","FPM","FPM",462999.19,105673.07,244584.94,813257.2
2023-08-01,"Cristinápolis","FPM","FPM",925998.37,211346.13,489169.88,1626514.38
2023-08-01,"Cumbe","FPM","FPM",462999.19,105673.07,244584.94,813257.2
2023-08-01,"Divina Pastora","FPM","FPM",462999.19,105673.07,244584.94,813257.2
2023-08-01,"Estância","FPM","FPM",1851996.72,422692.23,978339.75,3253028.7
2023-08-01,"Feira Nova","FPM","FPM",462999.19,105673.07,244584.94,813257.2
2023-08-01,"Frei Paulo","FPM","FPM",771665.3,176121.77,407641.57,1355428.64
2023-08-01,"Gararu","FPM","FPM",617332.25,140897.42,326113.26,1084342.93
2023-08-01,"General Maynard","FPM","FPM",462999.19,105673.07,244584.94,813257.2
2023-08-01,"Graccho Cardoso","FPM","FPM",462999.19,105673.07,244584.94,813257.2
2023-08-01,"Ilha das Flores","FPM","FPM",462999.19,105673.07,244584.94,813257.2
2023-08-01,"Indiaroba","FPM","FPM",925998.37,211346.13,489169.88,1626514.38
2023-08-01,"Itabaiana","FPM","FPM",2469328.97,563589.65,1304453.01,4337371.63
2023-08-01,"Itabaianinha","FPM","FPM",1388997.55,317019.18,733754.81,2439771.54
2023-08-01,"Itabi","FPM","FPM",462999.19,105673.07,244584.94,813257.2
2023-08-01,"Itaporanga D'Ajuda","FPM","FPM",1234664.49,281794.83,652226.5,2168685.82
2023-08-01,"Japaratuba","FPM","FPM",925998.37,211346.13,489169.88,1626514.38
2023-08-01,"Japoatã","FPM","FPM",617332.25,140897.42,326113.26,1084342.93
2023-08-01,"Lagarto","FPM","FPM",2469328.97,563589.65,1304453.01,4337371.63
2023-08-01,"Laranjeiras","FPM","FPM",1080331.42,246570.47,570698.2,1897600.09
2023-08-01,"Macambira","FPM","FPM",462999.19,105673.07,244584.94,813257.2
2023-08-01,"Malhada dos Bois","FPM","FPM",462999.19,105673.07,244584.94,813257.2
2023-08-01,"Malhador","FPM","FPM",617332.25,140897.42,326113.26,1084342.93
2023-08-01,"Maruim","FPM","FPM",925998.37,211346.13,489169.88,1626514.38
2023-08-01,"Moita Bonita","FPM","FPM",617332.25,140897.42,326113.26,1084342.93
2023-08-01,"Monte Alegre de Sergipe","FPM","FPM",771665.3,176121.77,407641.57,1355428.64
2023-08-01,"Muribeca","FPM","FPM",462999.19,105673.07,244584.94,813257.2
2023-08-01,"Neópolis","FPM","FPM",925998.37,211346.13,489169.88,1626514.38
2023-08-01,"Nossa Senhora Aparecida","FPM","FPM",462999.19,105673.07,244584.94,813257.2
2023-08-01,"Nossa Senhora da Glória","FPM","FPM",1388997.55,317019.18,733754.81,2439771.54
2023-08-01,"Nossa Senhora das Dores","FPM","FPM",1080331.42,246570.47,570698.2,1897600.09
2023-08-01,"Nossa Senhora de Lourdes","FPM","FPM",462999.19,105673.07,244584.94,813257.2
2023-08-01,"Nossa Senhora do Socorro","FPM","FPM",4876141.61,1112910.82,2575880.98,8564933.41
2023-08-01,"Pacatuba","FPM","FPM",771665.3,176121.77,407641.57,1355428.64
2023-08-01,"Pedra Mole","FPM","FPM",462999.19,105673.07,244584.94,813257.2
2023-08-01,"Pedrinhas","FPM","FPM",462999.19,105673.07,244584.94,813257.2
2023-08-01,"Pinhão","FPM","FPM",462999.19,105673.07,244584.94,813257.2
2023-08-01,"Pirambu","FPM","FPM",462999.19,105673.07,244584.94,813257.2
2023-08-01,"Poço Redondo","FPM","FPM",1234664.49,281794.83,652226.5,2168685.82
2023-08-01,"Poço Verde","FPM","FPM",1080331.42,246570.47,570698.2,1897600.09
2023-08-01,"Porto da Folha","FPM","FPM",1080331.42,246570.47,570698.2,1897600.09
2023-08-01,"Propriá","FPM","FPM",1080331.42,246570.47,570698.2,1897600.09
2023-08-01,"Riachão do Dantas","FPM","FPM",925998.37,211346.13,489169.88,1626514.38
2023-08-01,"Riachuelo","FPM","FPM",617332.25,140897.42,326113.26,1084342.93
2023-08-01,"Ribeirópolis","FPM","FPM",925998.37,211346.13,489169.88,1626514.38
2023-08-01,"Rosário do Catete","FPM","FPM",617332.25,140897.42,326113.26,1084342.93
2023-08-01,"Salgado","FPM","FPM",925998.37,211346.13,489169.88,1626514.38
2023-08-01,"Santa Luzia do Itanhy","FPM","FPM",771665.3,176121.77,407641.57,1355428.64
2023-08-01,"Santa Rosa de Lima","FPM","FPM",462999.19,105673.07,244584.94,813257.2
2023-08-01,"Santana do São Francisco","FPM","FPM",462999.19,105673.07,244584.94,813257.2
2023-08-01,"Santo Amaro das Brotas","FPM","FPM",617332.25,140897.42,326113.26,1084342.93
2023-08-01,"São Cristóvão","FPM","FPM",2314995.91,528365.3,1222924.69,4066285.9
2023-08-01,"São Domingos","FPM","FPM",617332.25,140897.42,326113.26,1084342.93
2023-08-01,"São Francisco","FPM","FPM",462999.19,105673.07,244584.94,813257.2
2023-08-01,"São Miguel do Aleixo","FPM","FPM",462999.19,105673.07,244584.94,813257.2
2023-08-01,"Simão Dias","FPM","FPM",1388997.55,317019.18,733754.81,2439771.54
2023-08-01,"Siriri","FPM","FPM",462999.19,105673.07,244584.94,813257.2
2023-08-01,"Telha","FPM","FPM",462999.19,105673.07,244584.94,813257.2
2023-08-01,"Tobias Barreto","FPM","FPM",1697663.66,387467.89,896811.44,2981942.99
2023-08-01,"Tomar do Geru","FPM","FPM",617332.25,140897.42,326113.26,1084342.93
2023-08-01,"Umbaúba","FPM","FPM",1080331.33,246570.52,570698.25,1897600.1
